left_vector,right_vector,Intoxication
11.011460171012212,24.75795097103025,0
11.306007591888294,23.847561120506516,1